name,econum,BSgnum,BApnum,BBpnum,vchnum,wglnum,bflnum,sonnum,ecsnum,ecenum,stynum,stmnum,sflnum,ypenum,ypknum,hinnum,pmunum,paenum,xacnum,xccnum,xfanum,eccnum,ppunum,vvunum,xftnum,sttnum,sfxnum,hdunum,pstnum,vpanum
dnaK,14,146,153,142,855,321,114,1126,14,14,12,12,13,468,3706,1237,736,4761,1522,1474,2340,19,4727,10357,1370,12,14,189,4505,653
dnaJ,15,145,152,141,856,320,115,1127,15,15,13,13,14,469,3705,1238,740,4760,1523,1475,2339,20,4726,10354,1369,13,15,188,4504,654
rpsT,23,144,151,140,679,318,116,3537,26,27,52,43,19,472,3702,965,1659,4563,1251,1152,2421,27,600,10511,1440,45,22,1990,802,531
ileS,26,142,149,139,682,316,118,3532,29,30,55,46,21,475,3700,962,1662,4560,1254,1155,2418,30,603,10507,1437,48,25,272,806,534
lspA,27,141,148,138,683,315,119,3531,30,31,56,47,22,476,3699,1006,1663,4559,1255,1156,2417,31,604,10506,1436,49,26,63,807,535
lytB,29,140,147,137,685,314,120,3529,32,34,58,49,25,477,3697,1007,1664,4557,1256,1157,2416,33,606,10504,1435,51,28,64,809,537
dapB,31,139,146,136,391,26,121,1140,34,36,73,64,27,480,3694,1308,726,4759,1860,1840,1105,37,4725,10567,397,66,30,1398,4503,469
folA,48,136,143,133,440,23,124,3646,51,55,102,87,44,486,3688,899,1893,350,844,788,2331,58,5132,10666,1363,90,47,1118,437,333
apaH,49,135,142,132,441,22,125,3641,54,58,103,88,45,490,3685,551,1210,590,861,789,2150,61,399,10665,1210,91,48,1263,549,334
ksgA,51,134,141,131,443,21,126,3639,56,60,105,90,47,492,3683,549,1209,592,863,791,2148,64,401,10663,1208,93,50,1179,551,336
yabC,82,218,224,206,409,229,134,4227,86,92,140,120,77,547,3634,1130,134,4420,772,718,790,100,1329,10586,1873,124,81,239,4416,452
ftsI,84,216,222,204,407,227,136,4225,88,94,142,122,79,549,3632,1132,136,4418,774,720,792,102,1331,10584,1871,126,83,241,4414,454
murE,85,215,221,203,406,226,137,4224,89,95,143,123,80,550,3631,1133,137,4417,775,721,793,103,1332,10583,1870,127,84,242,4413,455
murF,86,214,220,202,405,225,138,4223,90,96,144,124,81,551,3630,1134,138,4416,776,722,794,104,1333,10582,1869,128,85,243,4412,456
mraY,87,213,219,201,404,224,139,4222,91,97,145,125,82,552,3629,1135,139,4415,777,723,795,105,1334,10581,1868,129,86,244,4411,457
murD,88,212,218,200,403,223,140,4221,92,98,146,126,83,553,3628,1136,140,4414,2908,2738,1118,106,1335,10580,410,130,87,245,4410,458
ftsW,89,211,217,199,402,222,141,4220,93,99,147,127,84,554,3627,1137,141,4413,778,724,796,107,1336,10579,1867,131,88,246,4409,459
murG,90,210,216,198,401,221,142,4219,94,100,148,128,85,555,3626,1138,142,4412,779,725,797,108,1337,10578,1866,132,89,824,4408,460
murC,91,209,215,197,400,220,143,4218,95,101,149,129,86,556,3625,1139,143,4411,780,726,798,109,1338,10577,1865,133,90,823,4407,461
ftsA,94,207,213,195,398,218,145,4216,98,104,152,132,89,559,3622,1142,146,4408,783,729,801,112,1341,10574,1862,136,93,818,4404,463
ftsZ,95,206,212,194,397,217,146,4215,99,105,153,133,90,560,3621,1143,147,4407,784,730,802,113,1342,10572,1861,137,94,817,4403,464
secA,98,195,201,187,394,215,148,4211,102,108,156,136,93,564,3617,909,1219,4403,788,734,806,116,1345,10569,1857,140,97,1788,4400,467
aceE,114,199,205,189,414,352,153,424,118,124,175,152,108,3419,767,1233,895,5015,576,3625,669,142,339,11630,1505,158,113,1625,5005,2519
aceF,115,200,206,190,413,351,152,425,119,125,176,153,109,3418,768,1232,894,5016,3661,542,869,142,338,11631,1809,159,114,1624,5006,2518
yadR,156,205,211,193,627,76,155,1304,160,167,226,204,144,3387,801,1723,458,665,499,488,405,191,433,11679,1667,205,151,684,605,2474
dapD,166,223,229,211,329,424,269,1625,168,176,236,213,151,1041,3140,1634,658,3666,1430,1384,114,201,1530,11790,86,214,159,630,1528,2380
map,168,224,230,212,261,423,270,1627,170,178,238,215,153,1043,3138,1722,459,3657,1428,1382,111,203,1590,11858,85,216,161,248,1533,2319
rpsB,169,225,231,213,260,422,271,1629,171,180,239,216,154,1044,3137,913,1984,3656,1422,1375,2580,204,1591,11859,1960,217,162,1600,1534,2318
tsf,170,226,232,214,259,421,272,1630,172,181,240,217,155,1045,3135,914,1985,3655,1421,1374,2579,206,1592,11860,1959,218,163,1599,1535,2317
pyrH,171,227,233,215,258,420,273,1631,173,182,241,218,156,1046,3134,1065,1986,3654,1419,1371,1058,207,1593,11861,337,219,164,1597,1536,2316
frr,172,228,234,216,257,419,274,1632,174,183,242,219,157,1047,3133,808,1987,3653,1418,1370,1051,208,1594,11862,331,220,165,1596,1537,2315
dxr,173,229,235,217,254,418,275,1635,175,184,243,220,158,1048,3131,807,1988,3650,1415,1367,1048,209,1597,11866,328,221,166,1186,1540,2312
uppS,174,230,236,218,256,417,276,1633,176,185,244,221,159,1049,3130,920,1989,3652,1417,1369,1050,211,1595,11864,330,222,167,1196,1538,2314
dnaE,184,233,238,220,245,409,286,1644,186,196,254,231,169,1059,3120,739,34,3640,1406,1358,204,221,1606,11875,165,232,177,551,1549,2303
mesJ,188,103,110,104,242,430,288,1645,190,200,261,236,173,1062,3117,404,289,3638,2760,2598,659,226,1608,11877,1514,238,181,14,1551,2301
proS,194,234,239,221,875,643,289,3154,196,206,269,242,180,1068,3109,729,1370,956,3567,639,445,235,1205,11838,1635,245,187,1919,3988,2333
gloB,212,238,246,228,236,69,223,2563,208,236,282,261,193,1079,3097,1274,685,1813,1087,985,2160,249,4144,11883,1220,2604,206,1197,3714,2295
dnaQ,215,240,248,230,233,71,225,2559,211,241,285,264,196,1082,3094,137,106,1816,1090,988,2157,252,4141,11887,1217,2601,209,223,3711,2292
yajC,407,126,134,125,742,277,231,3112,458,506,444,406,335,3190,992,241,228,3822,2512,2377,224,517,834,10444,181,2457,352,1751,1414,589
ribD1,414,445,461,408,271,495,234,3469,467,515,455,416,342,3183,1000,944,749,4056,746,693,950,524,514,10323,1747,2447,359,1161,690,679
ribH,415,443,459,407,268,496,235,3466,468,516,456,417,343,3182,1001,1303,731,4053,750,697,954,525,517,10319,1744,2446,360,1165,693,682
nusB,416,447,463,409,267,497,236,3465,469,518,457,418,344,3181,1002,1304,730,4052,751,698,955,527,518,10318,1743,2445,361,435,694,683
dxs,420,448,464,410,889,158,238,1525,474,523,461,422,348,3177,1008,1439,532,4044,2565,2434,2249,531,527,10315,1293,2441,365,441,698,686
clpP,437,459,475,419,922,170,246,1794,491,542,490,448,371,3157,1027,714,1976,1801,1078,975,1187,553,2300,10023,472,2412,388,221,3726,917
clpX,438,460,476,420,921,169,247,1795,492,543,491,449,372,3156,1028,715,1977,1802,1079,976,1188,554,2301,10022,473,2411,389,218,3725,918
lon,439,461,477,421,920,168,299,1796,493,545,492,450,373,3155,1029,462,1978,1803,1080,977,1189,555,2302,10021,474,2410,390,1149,3724,919
dnaX,470,466,481,425,54,564,301,2013,523,587,528,484,403,3122,1060,1229,364,1532,1109,1001,1807,589,4269,12003,1059,2376,422,1819,3646,2179
adk,474,469,484,428,986,567,302,2018,527,591,532,488,407,3118,1065,349,284,3686,3437,3291,275,594,1506,10188,222,2372,426,826,1509,822
cysS,526,471,487,431,848,263,304,1791,588,681,585,537,444,3073,1107,78,945,1795,2354,2251,995,642,2905,12908,287,2324,465,1093,3742,1150
folD,529,470,486,430,942,262,305,1792,591,684,588,542,447,2824,1110,609,1933,1796,2289,2185,2431,645,2265,12022,1449,2321,468,1108,3733,879
holA,640,430,445,396,953,185,311,1172,678,787,697,646,610,2608,1182,923,1216,3989,2779,2617,2178,731,4796,10275,1232,2221,663,1130,4814,725
leuS,642,429,444,395,956,183,313,1174,680,789,699,648,608,2610,1184,921,1214,3987,2781,2620,2176,733,4794,10272,1230,2219,661,1132,4812,727
ybeY,659,427,442,393,960,480,316,1179,697,808,714,668,593,2618,1193,4,1045,3982,2464,2331,903,744,4788,10268,1781,2205,645,1387,4806,731
glnS,680,398,415,375,997,310,324,1786,710,827,724,686,584,2630,1205,1354,528,1794,893,821,1338,766,2904,10177,584,2189,624,1404,3743,832
sucA,726,292,302,280,87,451,331,1930,751,880,779,736,548,1113,3067,1662,277,1585,1535,1487,1550,803,4189,10157,760,2140,584,1336,2199,847
sucB,727,293,303,281,86,450,332,1931,752,881,780,737,547,1114,3066,1661,278,1586,1534,1486,1549,804,4188,10156,759,2139,583,1334,2200,848
infA,884,305,315,292,737,258,388,2625,969,1228,951,953,809,1370,2807,548,1031,2619,2002,1968,1445,1021,4007,12123,666,1980,884,361,3352,1016
trxB,888,304,314,291,182,526,387,2303,973,1232,956,958,813,1374,2802,1158,573,849,2005,1971,1448,1025,786,12810,669,1976,888,333,1178,1251
serS,893,303,313,290,110,523,384,2310,978,1239,961,963,818,1379,2796,110,258,2612,1653,1594,2286,1030,4000,12946,1318,1971,893,1133,3345,1108
serC,907,302,312,289,159,520,383,2410,990,1253,977,977,865,1389,2784,1167,837,3167,1648,1589,2326,1045,1768,12813,1358,1957,966,1382,1746,1247
rpsA,911,299,309,286,915,518,380,2402,994,1257,981,981,870,1392,2781,1220,801,3162,2298,2194,2438,1049,1772,12982,1456,1953,971,1352,1750,2030
mviN,1069,321,333,309,680,143,454,3534,1447,1707,1209,1170,1030,2043,2269,964,1660,4562,1252,1153,2420,1338,601,10509,1439,1750,1153,1987,804,532
rne,1084,335,347,317,30,90,410,2785,1462,1722,1226,1185,1040,1590,1749,413,991,2976,2111,2084,2607,1353,1905,13018,1983,1734,1168,194,3841,2062
rluC,1086,336,348,318,28,91,409,2784,1464,1725,1227,1187,1042,1591,1750,412,992,2975,2112,2083,2606,1355,1906,13016,1982,1732,1170,645,3840,2061
rpmF,1089,337,349,319,25,92,408,2780,1467,1728,1230,1191,1045,1595,1753,158,1912,2970,1122,1015,1816,1358,1911,13013,1049,1729,1173,772,3835,2058
fabG,1093,339,351,321,21,94,404,2776,1471,1732,1234,1195,1049,1599,1758,155,1916,2967,1127,1018,671,1361,1914,13009,1503,1725,1177,708,3832,2054
acpP,1094,340,352,322,20,95,403,2775,1472,1733,1235,1196,2834,1600,1759,154,1917,2966,1128,1019,672,1364,1915,13008,1502,1724,1178,1931,3831,2053
tmk,1098,341,353,323,16,97,401,2613,1476,1737,1239,1200,1054,1605,1764,456,1673,2962,4014,3931,580,1370,1919,13002,1569,1720,1182,1933,3827,2049
holB,1099,342,354,324,15,98,400,2612,1477,1738,1240,1201,1055,1606,1765,455,1674,2961,1132,1023,676,1371,1966,13001,1498,1719,1183,1935,3826,2048
ycfF,1103,345,357,327,897,100,398,2723,1481,1742,1245,1205,1058,1611,1770,961,73,656,1112,1004,1810,1376,428,12067,1056,1715,1187,1023,600,964
purB,1131,253,263,244,126,106,393,2635,1603,1860,1272,1232,1100,1636,1797,639,1851,2629,1539,1492,1553,1510,4016,12928,762,1688,1233,1649,3360,1128
trmU,1133,252,261,242,128,107,392,2633,1605,1862,1274,1234,1102,1638,1799,174,1336,2626,1998,1964,1440,1512,4014,12926,662,1686,1235,389,3358,1130
ychF,1203,185,191,180,185,381,344,1185,1708,1974,1910,1784,1152,2010,2298,393,163,4673,953,876,2641,1661,719,10260,2013,1092,1290,995,1101,737
pth,1204,184,190,179,184,380,345,1184,1709,1975,1909,1783,1153,2011,2297,394,164,4672,952,875,2642,1662,720,10258,2014,1093,1291,996,1102,738
prsA,1207,163,169,159,183,379,346,3837,1712,1978,1906,1780,1156,2013,2295,1609,244,4670,950,873,2644,1665,722,10257,2016,1096,1294,1627,1104,739
ychB,1208,164,170,160,182,378,347,3836,1713,1979,1905,1779,1157,2014,2293,1608,245,4669,948,871,2645,1666,723,10256,2018,1097,1295,1628,1105,740
prfA,1211,165,171,161,179,375,348,3833,1716,1982,1901,1776,1160,2017,2290,1561,555,4665,944,867,2649,1669,733,10253,2022,1100,1298,853,1109,743
hemK,1212,166,172,162,178,374,349,3832,1717,1983,1900,1775,1161,2018,2289,1559,556,4664,908,835,1512,1670,734,10252,728,1101,1299,855,1110,744
nth,1633,111,119,114,11,369,372,2514,2342,2644,1669,1453,1573,2239,2080,1689,381,3495,1582,1532,647,2025,1092,13099,1523,1321,1790,1115,4149,2108
tyrS,1637,113,121,115,465,368,371,1315,2346,2650,1673,1449,1577,2369,1966,1610,755,4138,3897,3841,169,2029,436,11683,132,1317,1794,693,609,2470
rnt,1652,182,188,177,6,365,368,2755,2361,2671,1688,1434,1593,2382,1955,324,988,3528,1571,1521,2146,2045,1085,13103,1207,1302,1811,611,4158,2114
ydhD,1654,181,187,176,44,364,367,2880,2363,2676,1689,1433,1594,2383,1953,1165,782,3533,2676,2500,2669,2048,1081,13106,2034,1301,1814,324,4161,2117
pheT,1713,122,130,124,220,88,356,2086,2420,2742,1772,1338,1441,2428,1909,1312,629,2739,2589,2458,742,2110,2470,12371,1911,1219,1635,1483,2383,1291
pheS,1714,121,129,123,219,87,355,2085,2421,2743,1773,1337,1440,2429,1908,1311,631,2740,2590,2459,741,2112,2469,12370,1912,1218,1634,1484,2382,1290
yeaZ,1807,315,324,301,989,402,442,2586,2516,2850,1950,1820,1355,2072,2238,388,709,3685,3106,2929,1533,2211,1507,10140,748,1057,1536,1474,1510,866
pykA,1854,311,319,297,8,150,450,2491,2564,2906,2096,1888,1754,2064,2246,1573,653,4329,3345,3186,824,2268,1362,12992,1846,989,1930,446,4337,2039
aspS,1866,306,316,293,166,116,452,2433,2576,2919,2109,1901,1765,2053,2258,317,983,963,3154,3030,1856,2280,1213,12156,946,976,1942,599,3981,1047
argS,1876,237,242,224,74,142,453,4123,2586,2929,2117,1909,1804,2046,2266,1583,551,5051,3916,3861,147,2291,5089,10145,116,968,2007,268,5138,861
metG,2114,102,109,103,36,577,471,2619,2920,3282,2384,2155,2041,1522,2648,1276,303,3482,1386,1339,549,2642,1097,13028,1590,701,2303,1054,4147,2069
rplY,2185,131,138,129,640,139,473,2112,3077,3444,2461,2224,2124,1264,2920,1630,639,4671,951,874,2643,2722,721,12850,2015,630,2401,1249,1103,1210
gyrA,2231,174,180,169,258,478,476,2411,3114,3484,2499,2272,2160,1216,2972,1264,841,3168,1631,1574,2552,2773,1767,13038,1935,592,2444,1748,1745,1932
folC,2315,161,167,157,1,337,494,3067,3199,3577,2596,2365,2237,2769,1602,1261,635,3111,1029,950,1946,2860,1997,11994,854,499,2526,1465,3814,2188
truA,2318,193,199,185,999,335,496,3068,3202,3580,2599,2368,2240,2766,1599,1644,637,3114,2720,2546,1373,2863,1994,11992,610,496,2529,1104,3817,2190
gltX,2400,65,70,65,214,137,504,3130,3278,3665,2654,2415,2302,2984,1498,274,1115,3134,2847,2686,822,2936,1977,10236,1848,442,2605,320,2166,762
lig,2411,64,67,62,971,467,507,2896,3283,3677,2663,2427,2306,2989,1492,1100,1716,1529,1627,1570,2556,2945,4274,10206,1940,431,2612,830,3656,800
dapE,2472,87,95,89,152,304,517,2471,3334,3730,2721,2483,2350,3053,1427,102,1022,1162,1432,1387,116,2999,1525,11916,88,376,2665,642,1523,2269
dapA,2478,88,96,90,157,360,518,1879,3340,3737,2727,2489,2357,3062,1418,255,1051,1010,1760,1741,963,3006,1237,11912,1737,370,2671,1107,3953,2273
yfgK,2511,582,607,549,763,617,530,3308,3373,3774,2764,2519,2390,2875,1357,136,105,3799,2021,1987,465,3033,857,10423,1619,337,2729,1183,1438,612
hisS,2514,277,288,267,760,615,531,3311,3376,3777,2767,2522,2393,2878,1354,369,2011,3802,1826,1806,2222,3036,854,10426,1270,334,2732,1039,1435,609
gcpE,2515,276,287,266,759,614,532,3312,3377,3778,2768,2523,2394,2879,1353,368,2010,3803,1799,1781,2575,3037,853,10427,1956,333,2733,1037,1434,608
suhB,2533,274,285,264,745,307,535,2260,3399,,2792,2546,2412,2899,1331,937,315,3818,2385,2277,2476,3059,838,10441,1493,310,2752,440,1419,593
yfhC,2559,246,255,236,864,152,537,3291,3425,3839,2814,2568,2436,2923,1307,906,78,3767,2038,2169,1012,3082,1035,10342,306,289,2778,1591,1457,663
rnc,2567,249,258,239,461,211,540,1348,3433,3848,2827,2581,2459,2718,1297,14,61,770,1325,1273,2246,3091,1433,11565,1290,277,2802,1606,4217,2572
lepB,2568,250,259,240,462,210,541,1347,3434,3850,2828,2582,2460,2717,1296,15,62,768,1323,1271,2244,3092,1432,11564,1288,275,2803,1607,4219,2573
lepA,2569,251,260,241,463,209,542,1346,3435,3851,2829,2583,2461,2716,1295,16,63,767,1322,1270,2243,3093,1431,11563,1287,274,2804,1608,4220,2574
ung,2580,177,183,172,359,305,543,3654,3446,3864,2840,2647,2471,2704,1281,18,65,750,3825,3772,2692,3105,1413,10540,2049,263,2815,1066,4236,500
rluD,2594,388,401,363,709,575,181,3579,3457,3888,2851,2662,2482,3277,912,176,1719,4544,3217,3088,939,3116,623,10484,1755,2618,2829,469,827,559
rplS,2606,384,397,360,564,272,176,1360,3469,3900,2860,2673,2494,3292,897,201,1298,3742,1295,1202,110,3127,1465,11618,84,2628,2843,1946,1476,2530
trmD,2607,383,396,359,563,271,175,1359,3470,3901,2861,2674,2495,3293,896,202,1297,3743,1294,1201,109,3128,1464,11617,83,2629,2844,1947,1475,2531
rimM,2608,382,395,358,562,270,174,1358,3471,3902,2862,2675,2496,3294,895,203,1296,3744,1293,1200,108,3129,1463,11616,82,2630,2845,1948,1474,2532
rpsP,2609,381,394,357,561,269,173,1357,3472,3903,2863,2676,2497,3295,894,204,,3745,1292,1199,107,3130,1462,11615,81,2631,2846,1949,1473,2533
ffh,2610,380,393,356,560,268,172,1356,3473,3904,2864,2677,2498,3296,892,106,1183,3746,1289,1194,73,3131,1461,11612,55,2632,2847,1999,1472,2534
grpE,2614,178,184,173,854,112,544,1524,3476,3907,2868,2681,2501,1107,3073,,334,4762,1521,1473,2341,3135,4728,10365,1371,2636,2851,1073,4506,651
yfjB,2615,179,185,174,853,113,545,1523,3477,3908,2869,2683,2502,1106,3074,,333,3088,1595,1546,2090,3137,2012,10366,786,2637,2852,1804,3793,650
smpB,2620,245,254,235,848,115,548,1473,3482,3913,2874,2688,2507,1101,3079,981,217,4768,1513,1466,2348,3142,4733,10371,1378,2642,2857,1134,4515,644
alaS,2697,390,403,364,545,253,168,3428,3554,3999,2948,2827,2545,3305,883,814,1287,903,1742,1724,124,3250,4474,11593,94,2728,2911,1429,1842,2548
ygbP,2747,405,420,379,528,572,166,3438,3601,4055,3055,2930,2592,3361,828,672,1608,3633,1721,1702,1293,3314,1614,11582,545,2831,2963,1329,1556,2559
eno,2779,400,417,377,447,383,157,3440,3639,4094,3081,2952,2615,3376,814,932,1871,3635,1719,1700,1291,3344,1612,11579,543,2853,2988,477,1554,2561
pyrG,2780,399,416,376,448,384,156,3441,3640,4095,3082,2953,2616,3377,813,1077,1872,3637,1716,1697,1288,3345,1610,11578,541,2854,2989,373,1552,2562
recD,2819,440,455,405,319,289,267,2147,3676,4136,3131,2993,2650,1021,3163,1322,517,4283,4335,4198,425,3413,4672,11797,1651,2901,3027,626,778,2373
recB,2820,439,454,404,320,288,268,2148,3677,4137,3132,2994,2651,1020,3164,1321,516,4284,4336,4199,423,3414,4673,11796,1652,2902,3028,1076,777,2374
recC,2822,438,453,403,322,287,266,2149,3679,4139,3134,2996,2653,1018,3166,942,961,4285,4337,4200,422,3416,4674,11795,1653,2904,3030,186,776,2375
lgt,2828,424,439,387,674,348,265,1334,3685,4145,3143,3002,2657,784,3172,904,80,341,841,786,2333,3423,5142,10517,1365,2911,3036,174,5283,523
lysS,2890,422,437,389,664,474,262,992,3762,4228,3196,3040,2695,888,3272,1211,189,3700,1876,1853,1112,3469,1496,10526,404,2958,3075,1318,1501,513
ygfZ,2898,420,435,391,472,470,260,861,3770,4236,3204,3048,2702,898,3283,466,1874,759,2074,2133,1068,3479,1423,11556,348,2966,3083,303,4228,2583
rpiA,2914,397,411,371,480,536,256,1150,3785,4252,3219,3063,2716,915,3302,464,1670,330,3411,3265,2015,3495,5150,11547,797,2981,3099,199,5289,2592
pgk,2926,435,450,400,477,330,254,932,3797,4265,3227,3069,2726,921,3308,525,1860,552,3347,3188,823,3504,4963,11540,1847,2988,3111,865,387,2600
yqgF,2949,530,548,492,466,179,250,3347,3825,4294,3250,3097,2754,937,3323,305,1870,404,2917,2747,2227,3535,4996,11528,1275,3009,3144,1795,5038,2613
yggX,2962,535,553,501,451,78,248,3369,3838,4307,3266,3111,2773,953,3340,760,1320,5148,2554,2419,1908,3550,285,11514,883,3024,3162,2003,5343,2627
cca,3056,58,61,57,446,257,62,1296,3939,4409,3383,3204,2906,650,3529,1606,247,584,717,3407,1362,3806,394,10622,602,3124,3302,1091,544,414
rpsU,3065,54,57,54,520,504,58,1288,3948,4418,3388,3209,2915,645,3535,531,1239,579,3872,3817,434,3816,389,10629,1644,3129,3311,689,539,407
rpoD,3067,52,55,52,517,502,56,1284,3950,4420,3390,3211,2917,643,3537,533,1241,576,3788,3736,1350,3819,387,10632,593,3131,3313,691,537,404
yraL,3146,83,91,85,582,483,52,301,4027,4505,3446,3263,2987,3547,117,1654,645,4422,766,712,552,3899,1326,10588,1588,3183,3404,804,4418,450
pnp,3164,361,373,336,647,237,108,1209,4045,4525,3463,3282,3005,3490,694,229,1114,4740,2683,2507,239,3920,4708,11708,198,3200,3422,1588,4486,2452
rpsO,3165,362,374,337,646,238,107,1207,4046,4526,3464,3283,3006,3493,691,1328,301,4741,2684,2508,238,3921,4709,11701,197,3201,3423,1738,4487,2453
truB,3166,363,375,338,645,239,106,1206,4047,4527,3465,3284,3007,3494,690,1289,756,4742,2685,2509,237,3922,4710,11698,196,3202,3424,1459,4488,2454
rbfA,3167,364,376,339,644,240,105,1205,4048,4528,3466,3285,3008,3495,689,1288,757,4743,2686,2510,236,3923,4711,11697,195,3203,3425,1460,4489,2455
infB,3168,365,377,340,643,241,104,1204,4049,4529,3467,3286,3009,3496,688,1284,759,4744,2687,2511,235,3924,4712,11696,194,3204,3426,1461,4490,2456
nusA,3169,366,378,341,642,242,103,1203,4050,4530,3468,3287,3010,3497,687,1283,760,4745,2688,2512,234,3926,4713,11695,193,3205,3427,1462,4491,2457
mrsA,3176,368,381,344,639,246,100,1199,4055,4538,3472,3294,3015,3500,684,1337,440,4749,2714,2539,1468,3932,4716,11692,686,3211,3434,201,4495,2461
hflB,3178,369,382,345,637,248,98,1197,4057,4540,3474,3296,3017,3502,682,1335,438,4751,1732,1713,93,3934,4718,11690,70,3213,3436,1500,4497,2463
ftsJ,3179,370,383,346,636,249,97,1196,4058,4541,3475,3297,3018,3503,681,1334,437,4752,1731,1712,94,3936,4719,11689,71,3214,3437,1501,4498,2464
greA,3181,371,384,347,634,250,96,1191,4060,4543,3477,3299,3020,3505,679,1331,715,4755,1863,1844,1108,3938,4722,11687,400,3216,3439,1699,4500,2466
yhbZ,3183,376,389,352,437,509,95,3649,4062,4545,3480,3301,3022,3509,675,877,351,4566,1250,1151,2422,3940,690,10669,1441,3218,3441,269,799,330
rpmA,3185,375,388,351,436,510,94,3651,4064,4547,3482,3303,3024,3511,673,879,348,4567,1249,1150,2423,3942,689,10670,1442,3220,3443,205,798,329
rplU,3186,374,387,350,435,511,93,3652,4065,4549,3483,3304,3025,3512,672,880,347,4568,1248,1149,2424,3944,688,10671,1443,3221,3444,203,797,328
murA,3189,373,386,349,514,358,46,3948,4068,4552,3486,3307,3028,3569,140,1081,180,4450,2965,2795,1415,3947,964,10679,644,3224,3447,253,4441,2658
rpsI,3230,377,390,353,571,153,50,3939,4103,4588,3524,3344,3067,3562,133,1442,521,4432,488,477,1536,3984,1316,10598,751,3260,3485,1493,4425,439
rplM,3231,378,391,354,570,154,49,3940,4104,4589,3525,3345,3068,3563,134,1443,520,4433,487,476,1537,3985,1315,10599,752,3261,3486,1494,4426,438
yrdC,3282,475,494,438,54,531,220,37,4148,4653,4395,3402,3110,,4027,656,1270,22,3808,3756,919,4043,70,11055,1768,4102,3538,414,174,3035
def,3287,477,496,439,46,530,219,32,4152,4657,4391,3406,3114,242,4023,622,1559,19,3801,3749,926,4047,68,11048,1763,4098,3543,1889,177,3042
fmt,3288,478,497,440,45,529,218,31,4153,4658,4390,3407,3115,241,4022,623,1560,18,3800,3748,927,4048,67,11047,1762,4097,3544,2029,178,3043
rplQ,3294,479,498,441,570,610,217,257,4159,4664,4384,3414,3122,235,4016,803,1389,4237,997,920,1177,4055,480,10735,462,4091,4436,1950,652,283
rpoA,3295,480,499,442,571,609,216,256,4160,4665,4383,3415,3123,234,4015,802,1390,4238,996,919,1176,4056,479,10736,461,4090,4435,1951,651,282
rpsD,3296,481,500,443,572,608,215,255,4161,4666,4382,3416,3124,233,4014,801,1391,4239,995,918,1175,4057,478,10737,460,4089,4434,1952,650,281
rpsK,3297,482,501,444,573,607,214,254,4162,4667,4381,3417,3125,232,4013,800,1392,4240,994,917,1174,4058,477,10738,459,4088,4433,1953,649,280
rpsM,3298,483,502,445,574,606,213,253,4163,4668,4380,3418,3126,231,4012,799,1393,4241,993,916,1173,4060,476,10739,458,4087,4432,1954,648,279
secY,3300,485,504,447,576,604,211,251,4165,4670,4378,3420,3128,229,4010,798,1395,4243,992,915,1172,4061,474,10740,457,4085,4430,1957,646,277
rplO,3301,486,505,448,577,603,210,250,4166,4671,4377,3421,3129,228,4009,797,1396,4244,991,914,1171,4062,473,10741,456,4084,4429,1959,645,276
rpmD,3302,487,506,449,578,602,209,249,4167,4672,4376,3422,3130,227,4008,796,1397,4245,990,913,1170,4063,472,10742,455,4083,4428,1960,644,275
rpsE,3303,488,507,450,579,601,208,248,4168,4673,4375,3423,3131,226,4007,795,1398,4246,989,912,1169,4065,471,10743,454,4082,4427,1961,643,274
rplR,3304,489,508,451,580,600,207,247,4169,4674,4374,3424,3132,225,4006,794,1399,4247,988,911,1168,4066,470,10744,453,4081,4426,1962,642,273
rplF,3305,490,509,452,581,599,206,246,4170,4675,4373,3425,3133,224,4004,793,1400,4248,987,910,1167,4068,469,10745,452,4080,4425,1963,641,272
rpsH,3306,491,510,453,582,598,205,245,4171,4676,4372,3426,3134,223,4003,792,1401,4249,986,909,1166,4070,468,10746,451,4079,4424,1964,640,271
rpsN,3307,492,511,454,583,597,204,244,4172,4677,4371,3427,3135,,4002,791,1402,4250,985,908,1165,4071,467,10747,450,4078,4423,1965,639,270
rplE,3308,493,512,455,584,596,203,243,4173,4678,4370,3428,3136,222,4001,790,1403,4251,984,907,1164,4072,466,10749,449,4077,4422,1966,638,269
rplX,3309,494,513,456,585,595,202,242,4174,4679,4369,3429,3137,221,4000,789,1404,4252,983,906,1163,4073,465,10750,448,4076,4421,1967,637,268
rplN,3310,495,514,457,586,594,201,241,4175,4680,4368,3430,3138,220,3999,788,1405,4253,982,905,1162,4075,464,10751,447,4075,4420,1968,636,267
rpsQ,3311,496,515,458,587,593,200,240,4176,4681,4367,3431,3139,219,,786,1406,4254,981,904,1161,4076,463,10753,446,4074,4419,1974,635,266
rpmC,3312,497,516,459,588,592,199,239,4177,4683,4366,3432,3140,218,3998,785,1407,4255,980,903,1160,4077,462,10754,445,4073,4418,1975,634,265
rplP,3313,498,517,460,589,591,198,238,4178,4684,4365,3433,3141,217,3996,784,1408,4256,979,902,1159,4079,461,10755,444,4072,4417,1976,633,264
rpsC,3314,499,518,461,590,590,197,237,4179,4685,4364,3434,3142,216,3995,783,1409,4257,978,901,1158,4080,460,10756,443,4071,4416,1977,632,263
rplV,3315,500,519,462,591,589,196,236,4180,4686,4363,3435,3143,215,3994,782,1410,4258,977,900,1157,4082,459,10757,442,4070,4415,1978,631,262
rpsS,3316,501,520,463,592,588,195,235,4181,4687,4362,3436,3144,214,,781,1411,4259,976,899,1156,4083,458,10758,441,4069,4414,1979,630,261
rplB,3317,502,521,464,593,587,194,234,4182,4688,4361,3437,3145,213,3993,780,1412,4260,975,898,1155,4085,457,10759,440,4068,4413,1980,629,260
rplW,3318,503,522,465,594,586,193,233,4183,4689,4360,3438,3146,212,3992,779,1413,4261,974,897,1154,4087,456,10760,439,4067,4412,1981,628,259
rplD,3319,504,523,466,595,585,192,232,4184,4690,4359,3439,3147,211,3991,778,1414,4262,973,896,1153,4089,455,10761,438,4066,4411,1982,627,258
rplC,3320,505,524,467,596,584,191,231,4185,4691,4358,3440,3148,210,3990,777,1415,4263,972,895,1152,4091,454,10762,437,4065,4410,1983,626,257
rpsJ,3321,506,525,468,597,583,190,230,4186,4692,4357,3441,3149,209,3989,776,1416,4264,971,894,1151,4092,453,10763,436,4064,4409,1984,625,256
fusA,3340,508,527,470,361,30,565,228,4191,4698,4352,3446,3154,202,3985,579,1356,4266,969,892,2629,4112,451,11338,1997,4059,4404,657,623,2771
rpsG,3341,509,528,471,360,29,566,227,4192,4699,4351,3447,3155,201,3984,580,1355,4267,968,891,2630,4114,450,11337,1998,4058,4403,656,622,2772
rpsL,3342,510,529,472,359,28,567,226,4193,4700,4350,3448,3156,200,3983,581,1354,4268,967,890,2631,4116,449,11336,1999,4057,4402,655,621,2773
trpS,3384,517,536,478,623,622,569,294,4226,4737,4315,3481,3197,157,3940,637,1621,4439,4006,3923,428,4154,1311,11307,1650,4024,4360,177,4429,2804
rpe,3386,518,537,479,625,621,570,292,4228,4739,4313,3483,3199,155,3938,566,1619,607,472,455,208,4156,415,11386,168,4023,4358,1929,566,2741
aroK,3390,520,539,481,629,619,572,286,4232,4743,4309,3487,3203,151,3933,207,1224,5039,3010,2841,1335,4160,5079,11382,582,4019,4354,423,5127,2745
yhgI,3414,525,544,486,720,323,573,4619,4256,4769,4285,3511,3231,127,3903,433,1557,1847,2117,2079,2603,4191,2378,10864,1979,3995,4328,378,2735,146
rpoH,3461,26,25,27,150,74,626,4583,4310,4835,4243,3568,3271,3811,419,269,1584,376,3824,3771,2691,4254,5108,11158,2048,3954,4284,86,430,2953
ftsY,3464,25,24,26,147,73,627,4586,4313,4838,4240,3571,3274,3814,416,768,1519,373,2552,2417,1910,4257,5111,11154,881,3951,4281,984,427,2956
yhhF,3465,24,23,25,146,72,628,4587,4314,4839,4239,3572,3275,3816,415,767,1516,370,2527,2392,979,4258,5114,11153,274,3950,4280,985,424,2957
glyS,3559,127,135,126,20,638,21,14,4442,4983,4144,3655,3385,4071,4089,924,1102,8,4210,4086,1959,4378,60,10990,841,3864,4166,1942,185,21
glyQ,3560,128,136,127,21,637,20,15,4443,4984,4143,3656,3386,4072,4090,927,1098,9,4211,4087,1960,4379,61,10989,840,3863,4165,1943,184,22
yibN,3611,49,52,50,654,582,606,50,4489,5038,4092,3703,3430,65,76,744,1433,5130,220,202,1800,4436,5055,11280,1066,3816,4118,662,5326,2830
rpmG,3636,78,85,79,219,435,611,4246,4511,5060,4067,3727,3455,51,91,950,1150,5315,4158,4033,1207,4460,5281,10823,489,3791,4093,730,90,186
rpmB,3637,79,86,80,218,434,612,4247,4512,5061,4066,3728,3456,50,,951,1151,5316,4159,4034,1206,4461,5282,10824,488,3790,4092,731,89,185
gmk,3648,419,434,385,708,437,616,361,4523,5074,4052,3740,3468,40,101,1743,922,5336,3395,3249,1503,4473,5296,10850,720,3778,4081,1830,75,161
gyrB,3699,10,10,10,15,17,17,11,4634,5190,3943,3835,3541,4094,4110,567,1476,4,4,4,5,4621,13,10996,5,3684,4006,1643,4,14
dnaN,3701,11,11,11,13,16,16,9,4636,5192,3941,3837,3539,4096,4112,992,1160,2,2,2,2,4623,11,10998,2,3682,4008,850,2,12
rpmH,3703,13,13,13,7,15,15,7,4638,5194,,3839,3537,4100,4114,998,1162,5570,4374,4242,2782,4627,9,11004,2123,3680,4010,753,5615,5
rnpA,3704,14,14,14,6,14,14,6,4639,5195,3939,3840,3536,4101,4115,999,1163,5569,4373,4241,2781,4628,8,11005,2122,3679,4011,752,5614,4
yidC,3705,16,15,16,4,13,12,4,4640,5197,3938,3842,3535,4102,4117,1001,1165,5568,4372,4240,2780,4629,6,11007,2121,3678,4012,40,5612,3
thdF,3706,17,16,17,3,12,11,3,4641,5198,3937,3843,3534,4103,4118,1002,1166,5567,4370,4238,2778,4630,5,11008,2119,3677,4013,39,5611,2
glmU,3730,28,27,29,762,10,10,4745,4672,5228,3916,3862,3583,4119,4133,642,1806,5552,3644,558,1140,4655,5411,11023,425,3657,3958,1511,5597,3067
atpC,3731,9,9,9,763,9,9,4746,4673,5229,3914,3864,3584,4120,4134,478,1495,5553,3648,555,1142,4657,5412,11022,427,3655,3957,11,5598,3068
atpD,3732,8,8,8,764,8,8,4747,4674,5230,3913,3865,3585,4121,4135,479,1494,5554,3649,554,1143,4658,5413,11021,428,3654,3956,10,5599,3069
atpG,3733,7,7,7,765,7,7,4748,4675,5231,3912,3866,3586,4122,4136,480,1493,5555,3650,553,1144,4659,5414,11020,429,3653,3955,9,5600,3070
atpA,3734,6,6,6,766,6,6,4749,4676,5232,3911,3867,3587,4123,4137,481,1492,5556,3651,552,1145,4660,5415,11019,430,3652,3954,8,5601,3071
atpH,3735,5,5,5,767,5,5,4750,4677,5233,3910,3868,3588,4124,4138,482,1491,5557,3652,551,1146,4662,5416,11018,431,3651,3953,7,5602,3072
atpF,3736,4,4,4,768,4,4,4751,4678,5234,3909,3869,3589,4125,4139,483,1490,5558,3653,550,1147,4664,5417,11017,432,3650,3952,6,5603,3073
atpE,3737,3,3,3,769,3,3,4752,4679,5235,3908,3870,3590,4126,4140,484,1489,5559,3654,549,1148,4665,5418,11016,433,3649,3951,5,5604,3074
atpB,3738,2,2,2,770,2,2,4753,4680,5236,3907,3871,3591,4127,4141,485,1488,5560,3655,548,1149,4666,5419,11015,434,3648,3950,4,5605,3075
gidA,3741,1,1,1,775,1,1,4758,4683,5241,3904,3874,3594,4130,4144,582,1485,5565,377,377,2106,4669,4,11010,773,3645,3947,1,5610,3080
trxA,3781,573,597,539,306,329,587,406,4714,5291,3639,3915,3624,3868,360,84,994,5240,3830,3777,2698,4701,5215,10938,2054,3381,3905,1810,5243,3001
rho,3783,572,596,538,307,328,586,405,4716,5293,3638,3917,3626,3867,361,295,1920,5239,3831,3778,2699,4702,5214,10937,2055,3380,3903,895,5242,3000
dapF,3809,568,589,533,126,292,579,4308,4739,5326,3612,3947,3656,3845,385,750,1703,5278,634,3499,1481,4730,5228,11127,698,3350,3869,26,224,2983
polA,3863,416,431,382,108,278,619,4669,4786,5398,3881,3999,3702,17,3811,856,1065,5493,4110,4020,1103,4810,123,10901,396,3621,3813,1236,344,107
tpiA,3919,297,307,285,670,296,601,1200,4844,5464,3789,4081,3764,85,52,678,1311,4748,2707,2531,303,4871,4715,11343,245,3537,3750,762,4494,239
rpmE,3936,556,577,522,679,301,599,4120,4863,5484,3774,4096,3780,111,299,758,1142,5049,3389,3236,1534,4889,5087,11360,749,3522,3733,1722,5136,255
murB,3972,42,45,46,318,547,183,213,4899,5543,3742,4137,3812,3760,471,268,1589,2977,1804,1787,2572,4931,1904,11197,1953,3489,3690,81,3842,2932
secE,3981,41,40,41,322,555,563,218,4904,5554,3738,4147,3816,3753,478,716,1745,4276,959,882,2639,4936,441,11205,2007,3480,3681,1886,613,2928
nusG,3982,40,39,40,323,556,562,219,4905,5555,3737,4148,3817,3752,479,717,1744,4275,960,883,2638,4937,442,11206,2006,3479,3680,1885,614,2927
rplK,3983,39,38,39,324,557,561,220,4906,5556,3736,4149,3818,3751,480,517,1743,4274,961,884,2637,4939,443,11207,2005,3478,3679,1884,615,2926
rplA,3984,38,37,38,325,558,560,221,4907,5557,3735,4150,3819,3750,481,516,1742,4273,962,885,2636,4940,444,11208,2004,3477,3678,1882,616,2925
rplJ,3985,37,36,37,326,559,559,222,4908,5558,3734,4151,3820,3749,482,640,1739,4272,963,886,2635,4941,445,11209,2003,3476,3677,1881,617,2924
rplL,3986,36,35,36,327,560,558,223,4909,5559,3733,4152,3821,3748,483,641,1738,4271,964,887,2634,4943,446,11210,2002,3475,3676,1879,618,2923
rpoB,3987,35,34,35,328,561,557,224,4910,5560,3732,4153,3822,3747,484,515,1737,4270,965,888,2633,4944,447,11211,2001,3474,3675,1877,619,2922
rpoC,3988,34,33,34,329,562,556,225,4911,5561,3731,4154,3823,3746,485,514,1736,4269,966,889,2632,4945,448,11212,2000,3473,3674,1876,620,2921
purH,4006,32,31,32,276,546,555,442,4929,5583,3709,4176,3840,3728,502,887,222,4854,513,498,1975,4964,4822,11227,828,3455,3657,1703,4866,2896
pgi,4025,553,573,518,374,644,629,3547,5008,5623,4417,4221,3934,3718,24,1576,416,4732,1788,1771,232,4991,4701,11396,190,4127,3551,418,959,2731
dnaB,4052,528,546,489,371,533,27,3917,5034,5650,4442,4246,3908,320,577,1574,412,4931,1477,1434,361,5026,4873,11392,1701,4152,3577,1372,4929,2735
ssb,4059,527,545,488,397,534,28,4028,5041,5658,4451,4256,3900,325,582,250,1950,4232,2905,2735,1392,5049,485,11430,626,4161,3584,1285,656,2709
mopB,4142,18,18,20,665,281,70,703,5123,5747,4689,4329,4047,350,608,542,1106,4386,541,522,616,5226,1360,11259,1537,4381,4563,1785,4377,2852
mopA,4143,19,19,21,664,280,71,704,5124,5748,4690,4330,4048,351,609,543,1107,4385,542,523,615,5227,1361,11260,1538,4382,4564,1784,4376,2851
efp,4147,21,20,23,660,309,72,2328,5128,5752,4694,4334,4054,354,612,328,100,2851,2380,2272,2473,5232,1858,11264,1490,4386,4570,1407,1765,2845
orn,4162,554,574,519,341,461,75,592,5141,5768,4710,4350,4070,366,623,1715,900,4951,2039,2168,1257,5249,4902,11286,522,4402,4584,452,4950,2823
miaA,4171,549,569,514,346,198,79,602,5147,5778,4717,4360,4076,372,629,68,905,4945,1734,1715,90,5255,4895,11293,67,4411,4594,742,4943,2818
hflK,4174,548,568,513,349,200,81,605,5150,5781,4720,4363,4079,375,633,151,117,4942,1155,1050,452,5258,4892,11296,1630,4414,4597,1809,4940,2815
hflC,4175,547,567,512,350,201,82,606,5151,5782,4721,4364,4080,376,634,150,118,4941,1156,1051,453,5259,4891,11297,1629,4415,4598,1808,4939,2814
purA,4177,546,566,511,602,194,83,3937,5153,5784,4723,4366,4082,378,635,1633,938,4938,1158,1053,455,5261,4889,11299,1627,4417,4600,1807,4937,2812
rpsF,4200,544,564,510,366,284,85,3930,5176,5809,4747,4391,4104,3539,645,547,1180,4935,1620,1563,2561,5291,4877,11387,1945,4442,4625,1045,4933,2740
rpsR,4202,543,563,509,368,283,86,3928,5178,5811,4749,4393,4105,3537,646,545,1178,4934,1621,1564,2560,5292,4876,11389,1944,4444,4627,1047,4932,2738
rplI,4203,542,562,508,369,282,87,3927,5179,5812,4750,4394,4106,3536,647,544,1177,4932,1622,1565,2559,5294,4874,11390,1943,4445,4628,1048,4930,2737
ytfN,4221,80,87,81,547,515,90,2113,5199,5832,4769,4410,4017,3523,661,696,1808,2542,4203,4084,1232,5319,2893,10711,508,4464,4530,1654,2750,308
valS,4258,354,366,331,503,493,33,3424,5235,5870,4814,4475,3983,3443,743,1391,818,3834,3559,646,134,5358,977,11474,102,4510,4492,669,1268,2646
pepA,4260,355,367,332,501,492,35,1368,5237,5872,4816,4477,3981,3441,746,1705,195,3831,3556,649,138,5360,980,11476,106,4512,4490,555,1271,2644
